Execution, Coverage
1, 406
2, 409
3, 410
4, 437
5, 438
6, 438
7, 438
8, 438
9, 438
10, 438
11, 438
12, 443
13, 444
14, 444
15, 444
16, 444
17, 445
18, 445
19, 445
20, 445
21, 445
22, 445
23, 445
24, 445
25, 461
26, 461
27, 461
28, 461
29, 461
30, 461
31, 461
32, 462
33, 462
34, 462
35, 462
36, 462
37, 462
38, 462
39, 462
40, 462
41, 462
42, 462
43, 462
44, 463
45, 463
46, 463
47, 463
48, 463
49, 467
50, 467
51, 467
52, 467
53, 467
54, 467
55, 467
56, 467
57, 467
58, 467
59, 467
60, 467
61, 467
62, 467
63, 467
64, 467
65, 467
66, 467
67, 467
68, 468
69, 468
70, 469
71, 469
72, 469
73, 469
74, 469
75, 469
76, 469
77, 469
78, 469
79, 469
80, 469
81, 469
82, 469
83, 470
84, 470
85, 470
86, 470
87, 470
88, 470
89, 470
90, 470
91, 470
92, 470
93, 471
94, 471
95, 471
96, 471
97, 471
98, 471
99, 471
100, 471
101, 471
102, 471
103, 471
104, 471
105, 471
106, 472
107, 472
108, 472
109, 472
110, 472
111, 472
112, 472
113, 472
114, 472
115, 472
116, 473
117, 473
118, 473
119, 473
120, 473
121, 473
122, 473
123, 473
124, 473
125, 473
126, 473
127, 473
128, 473
129, 473
130, 473
131, 473
132, 473
133, 473
134, 473
135, 473
136, 473
137, 473
138, 473
139, 473
140, 473
141, 473
142, 473
143, 473
144, 473
145, 473
146, 473
147, 473
148, 474
149, 474
150, 474
151, 474
152, 474
153, 474
154, 474
155, 474
156, 474
157, 474
158, 474
159, 474
160, 474
161, 474
162, 474
163, 474
164, 475
165, 475
166, 480
167, 480
168, 480
169, 480
170, 480
171, 480
172, 480
173, 480
174, 480
175, 480
176, 480
177, 480
178, 480
179, 480
180, 481
181, 481
182, 481
183, 481
184, 481
185, 481
186, 481
187, 483
188, 483
189, 483
190, 483
191, 483
192, 483
193, 483
194, 483
195, 483
196, 483
197, 483
198, 483
199, 483
200, 483
201, 483
202, 483
203, 483
204, 483
205, 483
206, 483
207, 483
208, 483
209, 483
210, 483
211, 483
212, 483
213, 483
214, 483
215, 483
216, 483
217, 483
218, 483
219, 483
220, 483
221, 483
222, 484
223, 484
224, 484
225, 484
226, 484
227, 484
228, 484
229, 484
230, 484
231, 484
232, 484
233, 484
234, 484
235, 484
236, 484
237, 484
238, 484
239, 484
240, 484
241, 484
242, 484
243, 484
244, 484
245, 484
246, 484
247, 484
248, 484
249, 484
250, 484
251, 484
252, 484
253, 484
254, 484
255, 484
256, 484
257, 484
258, 484
259, 484
260, 484
261, 484
262, 484
263, 484
264, 484
265, 484
266, 484
267, 484
268, 484
269, 484
270, 484
271, 484
272, 484
273, 484
274, 484
275, 484
276, 484
277, 484
278, 484
279, 484
280, 484
281, 484
282, 484
283, 484
284, 484
285, 484
286, 484
287, 484
288, 484
289, 495
290, 495
291, 498
292, 498
293, 498
294, 498
295, 498
296, 498
297, 498
298, 498
299, 498
300, 498
301, 498
302, 498
303, 498
304, 498
305, 498
306, 498
307, 498
308, 498
309, 498
310, 498
311, 498
312, 498
313, 498
314, 498
315, 498
316, 498
317, 498
318, 498
319, 498
320, 498
321, 498
322, 498
323, 498
324, 498
325, 498
326, 498
327, 498
328, 498
329, 498
330, 498
331, 498
332, 498
333, 498
334, 498
335, 498
336, 498
337, 498
338, 498
339, 498
340, 498
341, 498
342, 498
343, 498
344, 498
345, 498
346, 498
347, 498
348, 498
349, 498
350, 498
351, 498
352, 498
353, 498
354, 498
355, 498
356, 498
357, 498
358, 498
359, 498
360, 498
361, 498
362, 500
363, 500
364, 500
365, 500
366, 500
367, 500
368, 500
369, 500
370, 500
371, 500
372, 500
373, 500
374, 500
375, 500
376, 500
377, 500
378, 500
379, 500
380, 500
381, 500
382, 500
383, 500
384, 500
385, 500
386, 500
387, 500
388, 500
389, 500
390, 500
391, 500
392, 500
393, 500
394, 500
395, 500
396, 500
397, 500
398, 500
399, 500
400, 500
401, 500
402, 500
403, 500
404, 500
405, 500
406, 500
407, 500
408, 500
409, 500
410, 500
411, 500
412, 500
413, 500
414, 500
415, 500
416, 500
417, 500
418, 500
419, 500
420, 500
421, 500
422, 500
423, 500
424, 500
425, 500
426, 500
427, 500
428, 500
429, 500
430, 500
431, 500
432, 500
433, 500
434, 500
435, 500
436, 500
437, 500
438, 500
439, 500
440, 500
441, 500
442, 500
443, 500
444, 500
445, 500
446, 500
447, 500
448, 504
449, 504
450, 504
451, 504
452, 504
453, 504
454, 504
455, 504
456, 504
457, 504
458, 504
459, 504
460, 504
461, 504
462, 504
463, 504
464, 504
465, 504
466, 504
467, 504
468, 504
469, 504
470, 504
471, 504
472, 504
473, 504
474, 504
475, 504
476, 504
477, 504
478, 504
479, 504
480, 504
481, 504
482, 504
483, 504
484, 504
485, 504
486, 504
487, 504
488, 504
489, 504
490, 504
491, 504
492, 504
493, 504
494, 504
495, 504
496, 504
497, 504
498, 504
499, 504
500, 504
501, 504
502, 504
503, 504
504, 504
505, 504
506, 504
507, 504
508, 504
509, 504
510, 504
511, 504
512, 504
513, 504
514, 504
515, 504
516, 504
517, 504
518, 504
519, 504
520, 504
521, 504
522, 504
523, 504
524, 504
525, 504
526, 504
527, 504
528, 507
529, 507
530, 507
531, 507
532, 507
533, 507
534, 507
535, 507
536, 507
537, 507
538, 507
539, 507
540, 507
541, 507
542, 507
543, 507
544, 507
545, 507
546, 507
547, 507
548, 507
549, 507
550, 507
551, 507
552, 507
553, 507
554, 507
555, 507
556, 507
557, 507
558, 507
559, 507
560, 507
561, 507
562, 507
563, 507
564, 507
565, 507
566, 507
567, 507
568, 507
569, 507
570, 507
571, 507
572, 507
573, 507
574, 507
575, 507
576, 507
577, 507
578, 507
579, 507
580, 507
581, 507
582, 507
583, 507
584, 508
585, 508
586, 508
587, 508
588, 508
589, 508
590, 508
591, 508
592, 508
593, 508
594, 508
595, 508
596, 508
597, 508
598, 509
599, 509
600, 509
601, 509
602, 509
603, 509
604, 509
605, 509
606, 509
607, 509
608, 509
609, 511
610, 511
611, 511
612, 511
613, 511
614, 512
615, 512
616, 512
617, 512
618, 512
619, 512
620, 512
621, 512
622, 512
623, 512
624, 512
625, 512
626, 512
627, 512
628, 512
629, 512
630, 512
631, 512
632, 512
633, 512
634, 512
635, 512
636, 512
637, 512
638, 512
639, 512
640, 512
641, 512
642, 512
643, 512
644, 512
645, 512
646, 512
647, 512
648, 512
649, 512
650, 512
651, 512
652, 512
653, 512
654, 512
655, 512
656, 512
657, 512
658, 512
659, 512
660, 512
661, 512
662, 512
663, 512
664, 512
665, 512
666, 512
667, 512
668, 512
669, 512
670, 512
671, 512
672, 512
673, 512
674, 512
675, 512
676, 512
677, 512
678, 512
679, 512
680, 512
681, 512
682, 512
683, 512
684, 512
685, 512
686, 512
687, 512
688, 512
689, 512
690, 512
691, 512
692, 512
693, 512
694, 512
695, 512
696, 512
697, 512
698, 512
699, 512
700, 512
701, 512
702, 512
703, 512
704, 512
705, 512
706, 512
707, 512
708, 512
709, 512
710, 512
711, 512
712, 512
713, 512
714, 512
715, 512
716, 512
717, 512
718, 512
719, 512
720, 512
721, 512
722, 512
723, 512
724, 512
725, 512
726, 512
727, 512
728, 512
729, 512
730, 512
731, 512
732, 512
733, 512
734, 512
735, 512
736, 512
737, 512
738, 512
739, 512
740, 512
741, 512
742, 512
743, 512
744, 512
745, 512
746, 512
747, 512
748, 512
749, 512
750, 512
751, 512
752, 512
753, 512
754, 512
755, 512
756, 512
757, 512
758, 512
759, 512
760, 512
761, 512
762, 512
763, 512
764, 512
765, 512
766, 512
767, 512
768, 512
769, 512
770, 512
771, 512
772, 512
773, 512
774, 512
775, 512
776, 512
777, 512
778, 512
779, 512
780, 512
781, 512
782, 512
783, 512
784, 512
785, 512
786, 512
787, 512
788, 512
789, 512
790, 512
791, 512
792, 512
793, 512
794, 512
795, 512
796, 512
797, 512
798, 512
799, 512
800, 512
801, 512
802, 512
803, 512
804, 512
805, 512
806, 512
807, 512
808, 512
809, 512
810, 512
811, 512
812, 512
813, 512
814, 512
815, 512
816, 512
817, 512
818, 512
819, 512
820, 512
821, 512
822, 512
823, 512
824, 512
825, 512
826, 512
827, 512
828, 512
829, 512
830, 512
831, 512
832, 512
833, 512
834, 512
835, 512
836, 512
837, 512
838, 512
839, 512
840, 512
841, 512
842, 512
843, 512
844, 512
845, 512
846, 512
847, 512
848, 512
849, 512
850, 512
851, 512
852, 512
853, 512
854, 512
855, 512
856, 512
857, 512
858, 512
859, 512
860, 512
861, 512
862, 512
863, 512
864, 512
865, 512
866, 512
867, 512
868, 512
869, 512
870, 512
871, 512
872, 512
873, 512
874, 512
875, 512
876, 512
877, 512
878, 512
879, 512
880, 512
881, 512
882, 512
883, 512
884, 512
885, 512
886, 512
887, 512
888, 512
889, 512
890, 512
891, 512
892, 512
893, 512
894, 512
895, 512
896, 512
897, 512
898, 512
899, 512
900, 512
901, 512
902, 512
903, 512
904, 512
905, 512
906, 512
907, 512
908, 512
909, 512
910, 512
911, 512
912, 512
913, 512
914, 512
915, 512
916, 512
917, 512
918, 512
919, 512
920, 512
921, 512
922, 512
923, 512
924, 512
925, 512
926, 512
927, 512
928, 512
929, 512
930, 512
931, 512
932, 512
933, 512
934, 512
935, 512
936, 512
937, 512
938, 512
939, 512
940, 512
941, 512
942, 512
943, 512
944, 512
945, 512
946, 512
947, 512
948, 512
949, 512
950, 512
951, 512
952, 512
953, 512
954, 512
955, 512
956, 512
957, 512
958, 512
959, 512
960, 512
961, 512
962, 512
963, 512
964, 512
965, 512
966, 512
967, 512
968, 512
969, 512
970, 512
971, 512
972, 513
973, 513
974, 513
975, 513
976, 513
977, 513
978, 513
979, 513
980, 513
981, 513
982, 513
983, 513
984, 513
985, 513
986, 513
987, 513
988, 513
989, 513
990, 513
991, 513
992, 513
993, 513
994, 513
995, 513
996, 513
997, 513
998, 513
999, 513
1000, 513
1001, 513
1002, 513
1003, 513
1004, 513
1005, 513
1006, 513
1007, 513
1008, 513
1009, 513
1010, 513
1011, 513
1012, 513
1013, 513
1014, 513
1015, 513
1016, 513
1017, 513
1018, 513
1019, 513
1020, 513
1021, 513
1022, 513
1023, 513
1024, 513
1025, 513
1026, 513
1027, 513
1028, 513
1029, 513
1030, 513
1031, 513
1032, 513
1033, 513
1034, 513
1035, 513
1036, 513
1037, 513
1038, 513
1039, 513
1040, 513
1041, 513
1042, 513
1043, 513
1044, 513
1045, 513
1046, 513
1047, 513
1048, 513
1049, 513
1050, 513
1051, 513
1052, 513
1053, 513
1054, 513
1055, 513
1056, 513
1057, 513
1058, 513
1059, 513
1060, 513
1061, 513
1062, 513
1063, 513
1064, 513
1065, 513
1066, 513
1067, 513
1068, 513
1069, 513
1070, 513
1071, 513
1072, 513
1073, 513
1074, 513
1075, 513
1076, 513
1077, 513
1078, 513
1079, 513
1080, 513
1081, 513
1082, 513
1083, 513
1084, 513
1085, 513
1086, 513
1087, 513
1088, 513
1089, 513
1090, 513
1091, 513
1092, 513
1093, 513
1094, 513
1095, 513
1096, 513
1097, 513
1098, 513
1099, 513
1100, 513
1101, 513
1102, 513
1103, 513
1104, 513
1105, 513
1106, 513
1107, 513
1108, 513
1109, 513
1110, 513
1111, 513
1112, 513
1113, 513
1114, 513
1115, 513
1116, 513
1117, 513
1118, 513
1119, 513
1120, 513
1121, 513
1122, 513
1123, 513
1124, 513
1125, 513
1126, 513
1127, 513
1128, 513
1129, 513
1130, 513
1131, 513
1132, 513
1133, 513
1134, 513
1135, 513
1136, 513
1137, 513
1138, 513
1139, 513
1140, 513
1141, 513
1142, 513
1143, 513
1144, 513
1145, 513
1146, 513
1147, 513
1148, 513
1149, 513
1150, 513
1151, 513
1152, 513
1153, 513
1154, 513
1155, 513
1156, 513
1157, 513
1158, 513
1159, 513
1160, 513
1161, 513
1162, 513
1163, 513
1164, 513
1165, 513
1166, 513
1167, 513
1168, 513
1169, 513
1170, 513
1171, 513
1172, 513
1173, 513
1174, 513
1175, 513
1176, 513
1177, 513
1178, 513
1179, 513
1180, 513
1181, 513
1182, 513
1183, 513
1184, 513
1185, 513
1186, 513
1187, 513
1188, 513
1189, 513
1190, 513
1191, 513
1192, 513
1193, 513
1194, 513
1195, 513
1196, 513
1197, 513
1198, 513
1199, 513
1200, 513
1201, 513
1202, 513
1203, 513
1204, 513
1205, 513
1206, 513
1207, 513
1208, 513
1209, 513
1210, 513
1211, 513
1212, 513
1213, 513
1214, 513
1215, 513
1216, 513
1217, 513
1218, 513
1219, 513
1220, 513
1221, 513
1222, 513
1223, 513
1224, 513
1225, 513
1226, 513
1227, 513
1228, 513
1229, 513
1230, 513
1231, 513
1232, 513
1233, 513
1234, 513
1235, 513
1236, 513
1237, 513
1238, 513
1239, 513
1240, 513
1241, 515
1242, 515
1243, 515
1244, 515
1245, 515
1246, 515
1247, 515
1248, 515
1249, 515
1250, 515
1251, 515
1252, 515
1253, 515
1254, 515
1255, 515
1256, 515
1257, 515
1258, 515
1259, 515
1260, 515
1261, 515
1262, 515
1263, 515
1264, 515
1265, 515
1266, 515
1267, 515
1268, 515
1269, 515
1270, 515
1271, 515
1272, 515
1273, 515
1274, 515
1275, 515
1276, 515
1277, 515
1278, 515
1279, 515
1280, 515
1281, 515
1282, 515
1283, 515
1284, 515
1285, 515
1286, 515
1287, 515
1288, 515
1289, 515
1290, 515
1291, 515
1292, 515
1293, 515
1294, 515
1295, 515
1296, 515
1297, 515
1298, 515
1299, 515
1300, 515
1301, 515
1302, 515
1303, 515
1304, 515
1305, 515
1306, 515
1307, 515
1308, 515
1309, 515
1310, 515
1311, 515
1312, 515
1313, 515
1314, 515
1315, 515
1316, 515
1317, 515
1318, 515
1319, 515
1320, 515
1321, 517
1322, 517
1323, 517
1324, 517
1325, 517
1326, 517
1327, 517
1328, 517
1329, 517
1330, 517
1331, 517
1332, 517
1333, 517
1334, 517
1335, 517
1336, 517
1337, 517
1338, 517
1339, 517
1340, 517
1341, 517
1342, 517
1343, 517
1344, 517
1345, 517
1346, 517
1347, 517
1348, 517
1349, 517
1350, 517
1351, 517
1352, 517
1353, 517
1354, 517
1355, 517
1356, 517
1357, 517
1358, 517
1359, 517
1360, 517
1361, 517
1362, 517
1363, 517
1364, 517
1365, 517
1366, 518
1367, 518
1368, 518
1369, 518
1370, 518
1371, 518
1372, 518
1373, 518
1374, 518
1375, 518
1376, 518
1377, 518
1378, 518
1379, 518
1380, 518
1381, 518
1382, 518
1383, 518
1384, 518
1385, 518
1386, 518
1387, 518
1388, 518
1389, 518
1390, 518
1391, 518
1392, 518
1393, 518
1394, 518
1395, 518
1396, 518
1397, 518
1398, 518
1399, 518
1400, 518
1401, 518
1402, 518
1403, 518
1404, 518
1405, 518
1406, 518
1407, 518
1408, 518
1409, 518
1410, 518
1411, 518
1412, 518
1413, 518
1414, 518
1415, 518
1416, 518
1417, 518
1418, 518
1419, 518
1420, 518
1421, 518
1422, 518
1423, 518
1424, 518
1425, 518
1426, 518
1427, 518
1428, 518
1429, 518
1430, 518
1431, 518
1432, 518
1433, 518
1434, 518
1435, 518
1436, 518
1437, 518
1438, 518
1439, 518
1440, 518
1441, 518
1442, 518
1443, 518
1444, 518
1445, 518
1446, 518
1447, 518
1448, 518
1449, 518
1450, 518
1451, 518
1452, 518
1453, 518
1454, 518
1455, 518
1456, 518
1457, 518
1458, 518
1459, 518
1460, 518
1461, 518
1462, 518
1463, 518
1464, 518
1465, 518
1466, 518
1467, 518
1468, 518
1469, 518
1470, 518
1471, 518
1472, 518
1473, 518
1474, 518
1475, 518
1476, 518
1477, 518
1478, 518
1479, 518
1480, 518
1481, 518
1482, 518
1483, 518
1484, 518
1485, 518
1486, 518
1487, 518
1488, 518
1489, 518
1490, 518
1491, 518
1492, 518
1493, 518
1494, 518
1495, 518
1496, 518
1497, 518
1498, 518
1499, 518
1500, 518
1501, 518
1502, 518
1503, 518
1504, 518
1505, 518
1506, 518
1507, 518
1508, 518
1509, 518
1510, 518
1511, 518
1512, 518
1513, 518
1514, 518
1515, 518
1516, 518
1517, 518
1518, 518
1519, 518
1520, 518
1521, 518
1522, 518
1523, 518
1524, 518
1525, 518
1526, 518
1527, 518
1528, 518
1529, 518
1530, 518
1531, 518
1532, 518
1533, 518
1534, 518
1535, 518
1536, 518
1537, 518
1538, 518
1539, 518
1540, 518
1541, 518
1542, 518
1543, 518
1544, 518
1545, 518
1546, 518
1547, 518
1548, 518
1549, 518
1550, 518
1551, 518
1552, 518
1553, 518
1554, 518
1555, 518
1556, 518
1557, 518
1558, 518
1559, 518
1560, 522
1561, 522
1562, 522
1563, 522
1564, 522
1565, 522
1566, 522
1567, 522
1568, 522
1569, 522
1570, 522
1571, 522
1572, 522
1573, 522
1574, 522
1575, 522
1576, 522
1577, 522
1578, 522
1579, 522
1580, 522
1581, 522
1582, 522
1583, 522
1584, 522
1585, 522
1586, 522
1587, 522
1588, 522
1589, 522
1590, 522
1591, 522
1592, 522
1593, 522
1594, 522
1595, 522
1596, 522
1597, 522
1598, 522
1599, 522
1600, 522
1601, 522
1602, 522
1603, 522
1604, 522
1605, 522
1606, 522
1607, 522
1608, 522
1609, 522
1610, 522
1611, 522
1612, 522
1613, 522
1614, 522
1615, 522
1616, 522
1617, 522
1618, 522
1619, 522
1620, 522
1621, 522
1622, 522
1623, 522
1624, 522
1625, 522
1626, 522
1627, 522
1628, 522
1629, 522
1630, 522
1631, 522
1632, 522
1633, 522
1634, 522
1635, 522
1636, 522
1637, 522
1638, 522
1639, 522
1640, 522
1641, 522
1642, 522
1643, 522
1644, 522
1645, 522
1646, 522
1647, 522
1648, 522
1649, 522
1650, 522
1651, 522
1652, 522
1653, 522
1654, 522
1655, 522
1656, 522
1657, 522
1658, 522
1659, 522
1660, 522
1661, 522
1662, 522
1663, 522
1664, 522
1665, 522
1666, 522
1667, 522
1668, 522
1669, 522
1670, 522
1671, 522
1672, 522
1673, 522
1674, 522
1675, 522
1676, 522
1677, 522
1678, 522
1679, 522
1680, 522
1681, 522
1682, 522
1683, 522
1684, 522
1685, 522
1686, 522
1687, 522
1688, 522
1689, 522
1690, 522
1691, 522
1692, 522
1693, 522
1694, 522
1695, 522
1696, 522
1697, 522
1698, 522
1699, 522
1700, 522
1701, 522
1702, 522
1703, 522
1704, 522
1705, 522
1706, 522
1707, 522
1708, 522
1709, 522
1710, 522
1711, 522
1712, 522
1713, 522
1714, 522
1715, 522
1716, 522
1717, 522
1718, 522
1719, 522
1720, 522
1721, 522
1722, 522
1723, 522
1724, 522
1725, 522
1726, 522
1727, 522
1728, 522
1729, 522
1730, 522
1731, 522
1732, 522
1733, 522
1734, 522
1735, 522
1736, 522
1737, 522
1738, 522
1739, 522
1740, 522
1741, 522
1742, 522
1743, 522
1744, 522
1745, 522
1746, 522
1747, 522
1748, 522
1749, 522
1750, 522
1751, 522
1752, 522
1753, 522
1754, 522
1755, 522
1756, 522
1757, 522
1758, 522
1759, 522
1760, 522
1761, 522
1762, 522
1763, 522
1764, 522
1765, 522
1766, 522
1767, 522
1768, 522
1769, 522
1770, 522
1771, 522
1772, 523
1773, 523
1774, 523
1775, 523
1776, 523
1777, 523
1778, 523
1779, 523
1780, 523
1781, 523
1782, 523
1783, 523
1784, 523
1785, 523
1786, 523
1787, 523
1788, 523
1789, 523
1790, 523
1791, 523
1792, 523
1793, 523
1794, 523
1795, 523
1796, 523
1797, 523
1798, 523
1799, 523
1800, 523
1801, 523
1802, 523
1803, 523
1804, 523
1805, 523
1806, 523
1807, 523
1808, 523
1809, 523
1810, 523
1811, 523
1812, 523
1813, 523
1814, 523
1815, 523
1816, 523
1817, 523
1818, 523
1819, 523
1820, 523
1821, 523
1822, 523
1823, 523
1824, 523
1825, 523
1826, 523
1827, 523
1828, 523
1829, 523
1830, 523
1831, 523
1832, 523
1833, 523
1834, 523
1835, 523
1836, 523
1837, 523
1838, 523
1839, 523
1840, 523
1841, 523
1842, 523
1843, 523
1844, 523
1845, 523
1846, 523
1847, 523
1848, 523
1849, 523
1850, 523
1851, 523
1852, 523
1853, 523
1854, 523
1855, 523
1856, 523
1857, 523
1858, 523
1859, 523
1860, 523
1861, 523
1862, 523
1863, 523
1864, 523
1865, 523
1866, 523
1867, 523
1868, 523
1869, 523
1870, 523
1871, 523
1872, 523
1873, 523
1874, 523
1875, 523
1876, 523
1877, 523
1878, 523
1879, 523
1880, 523
1881, 523
1882, 523
1883, 523
1884, 523
1885, 523
1886, 523
1887, 523
1888, 523
1889, 523
1890, 523
1891, 523
1892, 523
1893, 523
1894, 523
1895, 523
1896, 523
1897, 523
1898, 523
1899, 523
1900, 523
1901, 523
1902, 523
1903, 523
1904, 523
1905, 523
1906, 523
1907, 523
1908, 523
1909, 523
1910, 523
1911, 523
1912, 523
1913, 523
1914, 523
1915, 523
1916, 523
1917, 523
1918, 523
1919, 523
1920, 523
1921, 523
1922, 523
1923, 523
1924, 523
1925, 523
1926, 523
1927, 523
1928, 523
1929, 523
1930, 523
1931, 523
1932, 523
1933, 523
1934, 523
1935, 523
1936, 523
1937, 523
1938, 523
1939, 523
1940, 523
1941, 523
1942, 523
1943, 523
1944, 523
1945, 523
1946, 523
1947, 523
1948, 523
1949, 523
1950, 523
1951, 523
1952, 523
1953, 523
1954, 523
1955, 523
1956, 523
1957, 523
1958, 523
1959, 523
1960, 523
1961, 523
1962, 523
1963, 523
1964, 523
1965, 523
1966, 523
1967, 523
1968, 523
1969, 523
1970, 523
1971, 523
1972, 523
1973, 523
1974, 523
1975, 523
1976, 523
1977, 523
1978, 523
1979, 523
1980, 523
1981, 523
1982, 523
1983, 523
1984, 523
1985, 523
1986, 523
1987, 523
1988, 523
1989, 523
1990, 523
1991, 523
1992, 523
1993, 523
1994, 523
1995, 523
1996, 523
1997, 523
1998, 523
1999, 523
2000, 523
2001, 523
2002, 523
2003, 523
2004, 523
2005, 523
2006, 523
2007, 523
2008, 523
2009, 523
2010, 523
2011, 523
2012, 523
2013, 523
2014, 523
2015, 523
2016, 523
2017, 523
2018, 523
2019, 523
2020, 523
2021, 523
2022, 523
2023, 523
2024, 523
2025, 523
2026, 523
2027, 523
2028, 523
2029, 523
2030, 523
2031, 523
2032, 523
2033, 523
2034, 523
2035, 523
2036, 523
2037, 523
2038, 523
2039, 523
2040, 523
2041, 523
2042, 523
2043, 523
2044, 523
2045, 523
2046, 523
2047, 523
2048, 523
2049, 523
2050, 523
2051, 523
2052, 523
2053, 523
2054, 523
2055, 523
2056, 523
2057, 523
2058, 523
2059, 523
2060, 523
2061, 523
2062, 523
2063, 523
2064, 523
2065, 523
2066, 523
2067, 523
2068, 523
2069, 523
2070, 523
2071, 523
2072, 523
2073, 523
2074, 523
2075, 523
2076, 523
2077, 523
2078, 523
2079, 523
2080, 523
2081, 523
2082, 523
2083, 523
2084, 523
2085, 523
2086, 523
2087, 523
2088, 523
2089, 523
2090, 523
2091, 523
2092, 523
2093, 523
2094, 523
2095, 523
2096, 523
2097, 523
2098, 523
2099, 523
2100, 523
2101, 523
2102, 523
2103, 523
2104, 523
2105, 523
2106, 523
2107, 523
2108, 523
2109, 523
2110, 523
2111, 523
2112, 523
2113, 523
2114, 523
2115, 523
2116, 523
2117, 523
2118, 523
2119, 523
2120, 523
2121, 523
2122, 523
2123, 523
2124, 523
2125, 523
2126, 523
2127, 523
2128, 523
2129, 523
2130, 523
2131, 523
2132, 523
2133, 523
2134, 523
2135, 523
2136, 523
2137, 523
2138, 523
2139, 523
2140, 523
2141, 523
2142, 523
2143, 523
2144, 523
2145, 523
2146, 523
2147, 523
2148, 523
2149, 523
2150, 523
2151, 523
2152, 523
2153, 523
2154, 523
2155, 523
2156, 523
2157, 523
2158, 523
2159, 523
2160, 523
2161, 523
2162, 523
2163, 523
2164, 523
2165, 523
2166, 523
2167, 523
2168, 523
2169, 523
2170, 523
2171, 523
2172, 523
2173, 523
2174, 523
2175, 523
2176, 523
2177, 523
2178, 523
2179, 523
2180, 523
2181, 523
2182, 523
2183, 523
2184, 523
2185, 523
2186, 523
2187, 523
2188, 523
2189, 523
2190, 523
2191, 523
2192, 523
2193, 523
2194, 523
2195, 523
2196, 523
2197, 523
2198, 523
2199, 523
2200, 523
2201, 523
2202, 523
2203, 523
2204, 523
2205, 523
2206, 523
2207, 523
2208, 523
2209, 523
2210, 523
2211, 523
2212, 523
2213, 523
2214, 523
2215, 523
2216, 523
2217, 523
2218, 523
2219, 523
2220, 523
2221, 523
2222, 523
2223, 523
2224, 523
2225, 523
2226, 523
2227, 523
2228, 523
2229, 523
2230, 523
2231, 523
2232, 523
2233, 523
2234, 523
2235, 523
2236, 523
2237, 523
2238, 523
2239, 523
2240, 523
2241, 523
2242, 523
2243, 523
2244, 523
2245, 523
2246, 523
2247, 523
2248, 523
2249, 523
2250, 523
2251, 523
2252, 523
2253, 523
2254, 523
2255, 523
2256, 523
2257, 523
2258, 523
2259, 523
2260, 523
2261, 523
2262, 523
2263, 523
2264, 523
2265, 523
2266, 523
2267, 523
2268, 523
2269, 523
2270, 523
2271, 523
2272, 523
2273, 523
2274, 523
2275, 523
2276, 523
2277, 523
2278, 523
2279, 523
2280, 523
2281, 523
2282, 523
2283, 523
2284, 523
2285, 523
2286, 523
2287, 523
2288, 523
2289, 523
2290, 523
2291, 523
2292, 523
2293, 523
2294, 523
2295, 523
2296, 523
2297, 523
2298, 523
2299, 523
2300, 523
2301, 523
2302, 523
2303, 523
2304, 523
2305, 523
2306, 523
2307, 523
2308, 523
2309, 523
2310, 523
2311, 523
2312, 523
2313, 523
2314, 523
2315, 523
2316, 523
2317, 523
2318, 523
2319, 523
2320, 523
2321, 523
2322, 523
2323, 523
2324, 523
2325, 523
2326, 523
2327, 523
2328, 523
2329, 523
2330, 523
2331, 523
2332, 523
2333, 523
2334, 523
2335, 523
2336, 523
2337, 523
2338, 523
2339, 523
2340, 523
2341, 523
2342, 523
2343, 523
2344, 523
2345, 523
2346, 523
2347, 523
2348, 523
2349, 523
2350, 523
2351, 523
2352, 523
2353, 523
2354, 523
2355, 523
2356, 523
2357, 523
2358, 523
2359, 523
2360, 523
2361, 523
2362, 523
2363, 523
2364, 523
2365, 523
2366, 523
2367, 523
2368, 523
2369, 523
2370, 524
2371, 524
2372, 524
2373, 524
2374, 524
2375, 524
2376, 524
2377, 524
2378, 524
2379, 524
2380, 524
2381, 524
2382, 524
2383, 524
2384, 524
2385, 524
2386, 524
2387, 524
2388, 524
2389, 524
2390, 524
2391, 524
2392, 524
2393, 524
2394, 524
2395, 524
2396, 524
2397, 524
2398, 524
2399, 524
2400, 524
2401, 524
2402, 524
2403, 524
2404, 524
2405, 524
2406, 524
2407, 524
2408, 524
2409, 524
2410, 524
2411, 524
2412, 524
2413, 524
2414, 524
2415, 524
2416, 524
2417, 524
2418, 524
2419, 524
2420, 524
2421, 524
2422, 524
2423, 524
2424, 524
2425, 524
2426, 524
2427, 524
2428, 524
2429, 524
2430, 524
2431, 524
2432, 524
2433, 524
2434, 524
2435, 524
2436, 524
2437, 524
2438, 524
2439, 524
2440, 524
2441, 524
2442, 524
2443, 524
2444, 524
2445, 524
2446, 524
2447, 524
2448, 524
2449, 524
2450, 524
2451, 524
2452, 524
2453, 524
2454, 524
2455, 524
2456, 524
2457, 524
2458, 524
2459, 524
2460, 524
2461, 524
2462, 524
2463, 524
2464, 524
2465, 524
2466, 524
2467, 524
2468, 524
2469, 524
2470, 524
2471, 524
2472, 524
2473, 524
2474, 524
2475, 524
2476, 524
2477, 524
2478, 524
2479, 524
2480, 524
2481, 524
2482, 524
2483, 524
2484, 524
2485, 524
2486, 524
2487, 524
2488, 524
2489, 524
2490, 524
2491, 524
2492, 524
2493, 524
2494, 524
2495, 524
2496, 524
2497, 524
2498, 524
2499, 524
2500, 524
2501, 524
2502, 524
2503, 524
2504, 524
2505, 524
2506, 524
2507, 524
2508, 524
2509, 524
2510, 524
2511, 524
2512, 524
2513, 524
2514, 524
2515, 524
2516, 524
2517, 524
2518, 524
2519, 524
2520, 524
2521, 524
2522, 524
2523, 524
2524, 524
2525, 524
2526, 524
2527, 524
2528, 524
2529, 524
2530, 524
2531, 524
2532, 524
2533, 524
2534, 524
2535, 524
2536, 524
2537, 524
2538, 524
2539, 524
2540, 524
2541, 524
2542, 524
2543, 524
2544, 524
2545, 524
2546, 524
2547, 524
2548, 524
2549, 524
2550, 524
2551, 524
2552, 524
2553, 524
2554, 524
2555, 524
2556, 524
2557, 524
2558, 524
2559, 524
2560, 524
2561, 524
2562, 524
2563, 524
2564, 524
2565, 524
2566, 524
2567, 524
2568, 524
2569, 524
2570, 524
2571, 524
2572, 524
2573, 524
2574, 524
2575, 524
2576, 524
2577, 524
2578, 524
2579, 524
2580, 524
2581, 524
2582, 524
2583, 524
2584, 524
2585, 524
2586, 524
2587, 524
2588, 524
2589, 524
2590, 524
2591, 524
2592, 524
2593, 524
2594, 524
2595, 524
2596, 524
2597, 524
2598, 524
2599, 524
2600, 524
2601, 524
2602, 524
2603, 524
2604, 524
2605, 524
2606, 524
2607, 524
2608, 524
2609, 524
2610, 524
2611, 524
2612, 524
2613, 524
2614, 524
2615, 524
2616, 524
2617, 524
2618, 524
2619, 524
2620, 524
2621, 524
2622, 524
2623, 524
2624, 524
2625, 524
2626, 524
2627, 524
2628, 524
2629, 524
2630, 524
2631, 524
2632, 524
2633, 524
2634, 524
2635, 524
2636, 524
2637, 524
2638, 524
2639, 524
2640, 524
2641, 524
2642, 524
2643, 524
2644, 524
2645, 524
2646, 524
2647, 524
2648, 524
2649, 524
2650, 524
2651, 524
2652, 524
2653, 524
2654, 524
2655, 524
2656, 524
2657, 524
2658, 524
2659, 524
2660, 524
2661, 524
2662, 524
2663, 524
2664, 524
2665, 524
2666, 524
2667, 524
2668, 524
2669, 524
2670, 524
2671, 524
2672, 524
2673, 524
2674, 524
2675, 524
2676, 524
2677, 524
2678, 524
2679, 524
2680, 524
2681, 524
2682, 524
2683, 524
2684, 524
2685, 524
2686, 524
2687, 524
2688, 524
2689, 524
2690, 524
2691, 524
2692, 525
2693, 525
2694, 525
2695, 525
2696, 525
2697, 525
2698, 525
2699, 525
2700, 525
2701, 525
2702, 525
2703, 525
2704, 525
2705, 525
2706, 525
2707, 525
2708, 525
2709, 525
2710, 525
2711, 525
2712, 525
2713, 525
2714, 525
2715, 525
2716, 525
2717, 525
2718, 525
2719, 525
2720, 525
2721, 525
2722, 525
2723, 525
2724, 525
2725, 525
2726, 525
2727, 525
2728, 525
2729, 525
2730, 525
2731, 525
2732, 525
2733, 525
2734, 525
2735, 525
2736, 525
2737, 525
2738, 525
2739, 525
2740, 525
2741, 525
2742, 525
2743, 525
2744, 525
2745, 525
2746, 525
2747, 525
2748, 525
2749, 525
2750, 525
2751, 525
2752, 525
2753, 525
2754, 525
2755, 525
2756, 525
2757, 525
2758, 525
2759, 525
2760, 525
2761, 525
2762, 525
2763, 525
2764, 525
2765, 525
2766, 525
2767, 525
2768, 525
2769, 525
2770, 525
2771, 525
2772, 525
2773, 525
2774, 525
2775, 525
2776, 525
2777, 525
2778, 525
2779, 525
2780, 525
2781, 525
2782, 525
2783, 525
2784, 525
2785, 525
2786, 525
2787, 525
2788, 525
2789, 525
2790, 525
2791, 525
2792, 525
2793, 525
2794, 525
2795, 525
2796, 525
2797, 525
2798, 525
2799, 525
2800, 525
2801, 525
2802, 525
2803, 525
2804, 525
2805, 525
2806, 525
2807, 525
2808, 525
2809, 525
2810, 525
2811, 525
2812, 525
2813, 525
2814, 525
2815, 525
2816, 525
2817, 525
2818, 525
2819, 525
2820, 525
2821, 525
2822, 525
2823, 525
2824, 525
2825, 525
2826, 525
2827, 525
2828, 525
2829, 525
2830, 525
2831, 525
2832, 525
2833, 525
2834, 525
2835, 525
2836, 525
2837, 525
2838, 525
2839, 525
2840, 525
2841, 525
2842, 525
2843, 525
2844, 525
2845, 525
2846, 525
2847, 525
2848, 525
2849, 525
2850, 525
2851, 525
2852, 525
2853, 525
2854, 525
2855, 525
2856, 525
2857, 525
2858, 525
2859, 525
2860, 525
2861, 525
2862, 525
2863, 525
2864, 525
2865, 525
2866, 525
2867, 525
2868, 525
2869, 525
2870, 525
2871, 525
2872, 525
2873, 525
2874, 525
2875, 525
2876, 525
2877, 525
2878, 525
2879, 525
2880, 525
2881, 525
2882, 525
2883, 525
2884, 525
2885, 525
2886, 525
2887, 525
2888, 525
2889, 525
2890, 525
2891, 525
2892, 525
2893, 525
2894, 525
2895, 525
2896, 525
2897, 525
2898, 525
2899, 525
2900, 525
2901, 525
2902, 525
2903, 525
2904, 525
2905, 525
2906, 525
2907, 525
2908, 525
2909, 525
2910, 525
2911, 525
2912, 525
2913, 525
2914, 525
2915, 525
2916, 525
2917, 525
2918, 525
2919, 525
2920, 525
2921, 525
2922, 525
2923, 525
2924, 525
2925, 525
2926, 525
2927, 525
2928, 525
2929, 525
2930, 525
2931, 525
2932, 525
2933, 525
2934, 525
2935, 525
2936, 525
2937, 525
2938, 525
2939, 525
2940, 525
2941, 525
2942, 525
2943, 525
2944, 525
2945, 525
2946, 525
2947, 525
2948, 525
2949, 525
2950, 525
2951, 525
2952, 525
2953, 525
2954, 525
2955, 525
2956, 525
2957, 525
2958, 525
2959, 525
2960, 525
2961, 525
2962, 525
2963, 525
2964, 525
2965, 525
2966, 525
2967, 525
2968, 525
2969, 525
2970, 525
2971, 525
2972, 525
2973, 525
2974, 525
2975, 525
2976, 525
2977, 525
2978, 525
2979, 525
2980, 525
2981, 525
2982, 525
2983, 525
2984, 525
2985, 525
2986, 525
2987, 525
2988, 525
2989, 525
2990, 525
2991, 525
2992, 525
2993, 525
2994, 525
2995, 525
2996, 525
2997, 525
2998, 525
2999, 525
3000, 525
3001, 525
3002, 525
3003, 525
3004, 525
3005, 525
3006, 525
3007, 525
3008, 525
3009, 525
3010, 525
3011, 525
3012, 525
3013, 525
3014, 525
3015, 525
3016, 525
3017, 525
3018, 525
3019, 525
3020, 525
3021, 525
3022, 525
3023, 525
3024, 525
3025, 525
3026, 525
3027, 525
3028, 525
3029, 525
3030, 525
3031, 525
3032, 525
3033, 525
3034, 525
3035, 525
3036, 525
3037, 525
3038, 525
3039, 525
3040, 525
3041, 525
3042, 525
3043, 525
3044, 525
3045, 525
3046, 525
3047, 525
3048, 525
3049, 525
3050, 525
3051, 525
3052, 525
3053, 525
3054, 525
3055, 525
3056, 525
3057, 525
3058, 525
3059, 525
3060, 525
3061, 525
3062, 525
3063, 525
3064, 525
3065, 525
3066, 525
3067, 525
3068, 525
3069, 525
3070, 525
3071, 525
3072, 525
3073, 525
3074, 525
3075, 525
3076, 525
3077, 525
3078, 525
3079, 525
3080, 525
3081, 525
3082, 525
3083, 525
3084, 525
3085, 525
3086, 525
3087, 525
3088, 525
3089, 525
3090, 525
3091, 525
3092, 525
3093, 525
3094, 525
3095, 525
3096, 525
3097, 526
3098, 526
3099, 526
3100, 526
3101, 526
3102, 526
3103, 526
3104, 526
3105, 526
3106, 526
3107, 526
3108, 526
3109, 526
3110, 526
3111, 526
3112, 526
3113, 526
3114, 526
3115, 526
3116, 526
3117, 526
3118, 526
3119, 526
3120, 526
3121, 526
3122, 526
3123, 526
3124, 526
3125, 526
3126, 526
3127, 526
3128, 526
3129, 526
3130, 526
3131, 526
3132, 526
3133, 526
3134, 526
3135, 526
3136, 526
3137, 526
3138, 526
3139, 526
3140, 526
3141, 526
3142, 526
3143, 526
3144, 526
3145, 526
3146, 526
3147, 526
3148, 526
3149, 526
3150, 526
3151, 526
3152, 526
3153, 526
3154, 526
3155, 526
3156, 526
3157, 526
3158, 526
3159, 526
3160, 526
3161, 526
3162, 526
3163, 526
3164, 526
3165, 526
3166, 526
3167, 526
3168, 526
3169, 526
3170, 527
3171, 527
3172, 527
3173, 527
3174, 527
3175, 527
3176, 527
3177, 527
3178, 527
3179, 527
3180, 527
3181, 527
3182, 527
3183, 527
3184, 527
3185, 527
3186, 527
3187, 527
3188, 527
3189, 527
3190, 527
3191, 527
3192, 527
3193, 527
3194, 527
3195, 527
3196, 527
3197, 527
3198, 527
3199, 527
3200, 527
3201, 527
3202, 527
3203, 527
3204, 527
3205, 527
3206, 527
3207, 527
3208, 527
3209, 527
3210, 527
3211, 527
3212, 527
3213, 527
3214, 527
3215, 527
3216, 527
3217, 527
3218, 527
3219, 527
3220, 527
3221, 527
3222, 527
3223, 527
3224, 527
3225, 527
3226, 527
3227, 527
3228, 527
3229, 527
3230, 527
3231, 527
3232, 527
3233, 527
3234, 527
3235, 527
3236, 527
3237, 527
3238, 527
3239, 527
3240, 527
3241, 527
3242, 527
3243, 527
3244, 527
3245, 527
3246, 527
3247, 527
3248, 527
3249, 527
3250, 527
3251, 527
3252, 527
3253, 527
3254, 527
3255, 527
3256, 527
3257, 527
3258, 527
3259, 527
3260, 527
3261, 527
3262, 527
3263, 527
3264, 527
3265, 527
3266, 527
3267, 527
3268, 527
3269, 527
3270, 527
3271, 527
3272, 527
3273, 527
3274, 527
3275, 527
3276, 527
3277, 527
3278, 527
3279, 527
3280, 527
3281, 527
3282, 527
3283, 527
3284, 527
3285, 527
3286, 527
3287, 527
3288, 527
3289, 527
3290, 527
3291, 527
3292, 527
3293, 527
3294, 527
3295, 527
3296, 527
3297, 527
3298, 527
3299, 527
3300, 527
3301, 527
3302, 527
3303, 527
3304, 527
3305, 527
3306, 527
3307, 527
3308, 527
3309, 527
3310, 527
3311, 527
3312, 527
3313, 527
3314, 527
3315, 527
3316, 527
3317, 527
3318, 527
3319, 527
3320, 527
3321, 527
3322, 527
3323, 527
3324, 527
3325, 527
3326, 527
3327, 527
3328, 527
3329, 527
3330, 527
3331, 527
3332, 527
3333, 527
3334, 527
3335, 527
3336, 527
3337, 527
3338, 527
3339, 527
3340, 527
3341, 527
3342, 527
3343, 527
3344, 527
3345, 527
3346, 527
3347, 527
3348, 527
3349, 527
3350, 527
3351, 527
3352, 527
3353, 527
3354, 527
3355, 527
3356, 527
3357, 527
3358, 527
3359, 527
3360, 529
3361, 529
3362, 529
3363, 529
3364, 529
3365, 529
3366, 529
3367, 529
3368, 529
3369, 529
3370, 529
3371, 529
3372, 529
3373, 529
3374, 529
3375, 529
3376, 529
3377, 529
3378, 529
3379, 529
3380, 529
3381, 529
3382, 529
3383, 529
3384, 529
3385, 529
3386, 529
3387, 529
3388, 529
3389, 529
3390, 529
3391, 529
3392, 529
3393, 529
3394, 529
3395, 529
3396, 529
3397, 529
3398, 529
3399, 529
3400, 529
3401, 529
3402, 529
3403, 529
3404, 529
3405, 529
3406, 529
3407, 529
3408, 529
3409, 529
3410, 529
3411, 529
3412, 529
3413, 529
3414, 529
3415, 529
3416, 529
3417, 529
3418, 529
3419, 529
3420, 529
3421, 529
3422, 529
3423, 529
3424, 529
3425, 529
3426, 529
3427, 529
3428, 529
3429, 529
3430, 529
3431, 529
3432, 529
3433, 529
3434, 529
3435, 529
3436, 529
3437, 529
3438, 529
3439, 529
3440, 529
3441, 529
3442, 529
3443, 529
3444, 529
3445, 529
3446, 529
3447, 529
3448, 529
3449, 529
3450, 529
3451, 529
3452, 529
3453, 529
3454, 529
3455, 529
3456, 529
3457, 529
3458, 529
3459, 529
3460, 529
3461, 529
3462, 529
3463, 529
3464, 529
3465, 529
3466, 529
3467, 529
3468, 529
3469, 529
3470, 529
3471, 529
3472, 529
3473, 529
3474, 529
3475, 529
3476, 529
3477, 529
3478, 529
3479, 529
3480, 529
3481, 529
3482, 529
3483, 529
3484, 529
3485, 529
3486, 529
3487, 529
3488, 529
3489, 529
3490, 529
3491, 529
3492, 529
3493, 529
3494, 529
3495, 529
3496, 529
3497, 529
3498, 529
3499, 529
3500, 529
3501, 529
3502, 529
3503, 529
3504, 529
3505, 529
3506, 529
3507, 529
3508, 529
3509, 529
3510, 529
3511, 529
3512, 529
3513, 529
3514, 529
3515, 529
3516, 529
3517, 529
3518, 529
3519, 529
3520, 529
3521, 529
3522, 529
3523, 529
3524, 529
3525, 529
3526, 529
3527, 529
3528, 529
3529, 529
3530, 529
3531, 529
3532, 529
3533, 529
3534, 529
3535, 529
3536, 529
3537, 529
3538, 529
3539, 529
3540, 529
3541, 529
3542, 529
3543, 529
3544, 529
3545, 529
3546, 529
3547, 529
3548, 529
3549, 529
3550, 529
3551, 529
3552, 529
3553, 529
3554, 529
3555, 529
3556, 529
3557, 529
3558, 529
3559, 529
3560, 529
3561, 529
3562, 529
3563, 529
3564, 529
3565, 529
3566, 529
3567, 529
3568, 529
3569, 529
3570, 529
3571, 529
3572, 529
3573, 529
3574, 529
3575, 529
3576, 529
3577, 529
3578, 529
3579, 529
3580, 529
3581, 529
3582, 529
3583, 529
3584, 529
3585, 529
3586, 529
3587, 529
3588, 529
3589, 529
3590, 529
3591, 529
3592, 529
3593, 529
3594, 529
3595, 529
3596, 529
3597, 529
3598, 529
3599, 529
3600, 529
3601, 529
3602, 529
3603, 529
3604, 529
3605, 529
3606, 529
3607, 529
3608, 529
3609, 529
3610, 529
3611, 529
3612, 529
3613, 529
3614, 529
3615, 529
3616, 529
3617, 529
3618, 529
3619, 529
3620, 529
3621, 529
3622, 529
3623, 529
3624, 529
3625, 529
3626, 529
3627, 529
3628, 529
3629, 529
3630, 529
3631, 529
3632, 529
3633, 529
3634, 529
3635, 529
3636, 529
3637, 529
3638, 529
3639, 529
3640, 529
3641, 529
3642, 529
3643, 529
3644, 529
3645, 529
3646, 529
3647, 529
3648, 529
3649, 529
3650, 529
3651, 529
3652, 529
3653, 529
3654, 529
3655, 529
3656, 529
3657, 529
3658, 529
3659, 529
3660, 529
3661, 529
3662, 529
3663, 529
3664, 529
3665, 529
3666, 529
3667, 529
3668, 529
3669, 529
3670, 529
3671, 529
3672, 529
3673, 529
3674, 529
3675, 529
3676, 529
3677, 529
3678, 529
3679, 529
3680, 529
3681, 529
3682, 529
3683, 529
3684, 529
3685, 529
3686, 529
3687, 529
3688, 529
3689, 529
3690, 529
3691, 529
3692, 529
3693, 529
3694, 529
3695, 529
3696, 529
3697, 529
3698, 529
3699, 529
3700, 529
3701, 529
3702, 529
3703, 529
3704, 529
3705, 529
3706, 529
3707, 529
3708, 529
3709, 529
3710, 529
3711, 529
3712, 529
3713, 529
3714, 529
3715, 529
3716, 529
3717, 529
3718, 529
3719, 529
3720, 529
3721, 529
3722, 529
3723, 529
3724, 529
3725, 529
3726, 529
3727, 529
3728, 529
3729, 529
3730, 529
3731, 529
3732, 529
3733, 529
3734, 529
3735, 529
3736, 529
3737, 529
3738, 529
3739, 529
3740, 529
3741, 529
3742, 529
3743, 529
3744, 529
3745, 529
3746, 529
3747, 529
3748, 529
3749, 529
3750, 529
3751, 529
3752, 529
3753, 529
3754, 529
3755, 529
3756, 529
3757, 529
3758, 529
3759, 529
3760, 529
3761, 529
3762, 529
3763, 529
3764, 529
3765, 529
3766, 529
3767, 529
3768, 529
3769, 529
3770, 529
3771, 529
3772, 529
3773, 529
3774, 529
3775, 529
3776, 529
3777, 529
3778, 529
3779, 529
3780, 529
3781, 529
3782, 529
3783, 529
3784, 529
3785, 529
3786, 529
3787, 529
3788, 529
3789, 529
3790, 529
3791, 529
3792, 529
3793, 529
3794, 529
3795, 529
3796, 529
3797, 529
3798, 529
3799, 529
3800, 529
3801, 529
3802, 529
3803, 529
3804, 529
3805, 529
3806, 529
3807, 529
3808, 529
3809, 529
3810, 529
3811, 529
3812, 529
3813, 529
3814, 529
3815, 529
3816, 529
3817, 529
3818, 529
3819, 529
3820, 529
3821, 529
3822, 529
3823, 529
3824, 529
3825, 529
3826, 529
3827, 529
3828, 529
3829, 529
3830, 529
3831, 529
3832, 529
3833, 529
3834, 529
3835, 529
3836, 529
3837, 529
3838, 529
3839, 529
3840, 529
3841, 529
3842, 529
3843, 529
3844, 529
3845, 529
3846, 529
3847, 529
3848, 529
3849, 529
3850, 529
3851, 529
3852, 529
3853, 529
3854, 529
3855, 529
3856, 529
3857, 529
3858, 529
3859, 529
3860, 529
3861, 529
3862, 529
3863, 529
3864, 529
3865, 529
3866, 529
3867, 529
3868, 529
3869, 529
3870, 529
3871, 529
3872, 529
3873, 529
3874, 529
3875, 529
3876, 529
3877, 529
3878, 529
3879, 529
3880, 529
3881, 529
3882, 529
3883, 529
3884, 529
3885, 529
3886, 529
3887, 529
3888, 529
3889, 529
3890, 529
3891, 529
3892, 529
3893, 529
3894, 529
3895, 529
3896, 529
3897, 529
3898, 529
3899, 529
3900, 529
3901, 529
3902, 529
3903, 529
3904, 529
3905, 529
3906, 529
3907, 529
3908, 529
3909, 529
3910, 529
3911, 529
3912, 529
3913, 529
3914, 529
3915, 529
3916, 529
3917, 529
3918, 529
3919, 529
3920, 529
3921, 529
3922, 529
3923, 529
3924, 529
3925, 529
3926, 529
3927, 529
3928, 529
3929, 529
3930, 529
3931, 529
3932, 529
3933, 529
3934, 529
3935, 529
3936, 529
3937, 529
3938, 529
3939, 529
3940, 529
3941, 529
3942, 529
3943, 529
3944, 529
3945, 529
3946, 529
3947, 529
3948, 529
3949, 529
3950, 529
3951, 529
3952, 529
3953, 529
3954, 529
3955, 529
3956, 529
3957, 529
3958, 529
3959, 529
3960, 529
3961, 529
3962, 529
3963, 529
3964, 529
3965, 529
3966, 529
3967, 529
3968, 529
3969, 529
3970, 529
3971, 529
3972, 529
3973, 529
3974, 529
3975, 529
3976, 529
3977, 529
3978, 529
3979, 529
3980, 529
3981, 529
3982, 529
3983, 529
3984, 529
3985, 529
3986, 529
3987, 529
3988, 529
3989, 529
3990, 529
3991, 529
3992, 529
3993, 529
3994, 529
3995, 529
3996, 529
3997, 529
3998, 529
3999, 529
4000, 529
4001, 529
4002, 529
4003, 529
4004, 529
4005, 529
4006, 529
4007, 529
4008, 529
4009, 529
4010, 529
4011, 529
4012, 529
4013, 529
4014, 529
4015, 529
4016, 529
4017, 529
4018, 529
4019, 529
4020, 529
4021, 529
4022, 529
4023, 529
4024, 529
4025, 529
4026, 529
4027, 529
4028, 529
4029, 529
4030, 529
4031, 529
4032, 529
4033, 529
4034, 529
4035, 529
4036, 529
4037, 529
4038, 529
4039, 529
4040, 529
4041, 529
4042, 529
4043, 529
4044, 529
4045, 529
4046, 529
4047, 529
4048, 529
4049, 529
4050, 529
4051, 529
4052, 529
4053, 529
4054, 529
4055, 529
4056, 529
4057, 529
4058, 529
4059, 529
4060, 529
4061, 529
4062, 529
4063, 529
4064, 529
4065, 529
4066, 529
4067, 529
4068, 529
4069, 529
4070, 529
4071, 529
4072, 529
4073, 529
4074, 529
4075, 529
4076, 529
4077, 529
4078, 529
4079, 529
4080, 529
4081, 529
4082, 529
4083, 529
4084, 529
4085, 529
4086, 529
4087, 529
4088, 529
4089, 529
4090, 529
4091, 529
4092, 529
4093, 529
4094, 529
4095, 529
4096, 529
4097, 529
4098, 529
4099, 529
4100, 529
4101, 529
4102, 529
4103, 529
4104, 529
4105, 529
4106, 529
4107, 529
4108, 529
4109, 529
4110, 529
4111, 529
4112, 529
4113, 529
4114, 529
4115, 529
4116, 529
4117, 529
4118, 529
4119, 529
4120, 529
4121, 529
4122, 529
4123, 529
4124, 529
4125, 529
4126, 529
4127, 529
4128, 529
4129, 529
4130, 529
4131, 529
4132, 529
